role,category,description
Marketing Coordinator,Business,"As a role focused on facilitating marketing efforts and campaigns within a corporate structure, it aligns with business operations."
Software Engineer,Technical,"This role involves the development and maintenance of software applications, which is a core aspect of technical fields like computer science."
Business Development,Business,"Business Development roles focus on creating strategic partnerships and opportunities for growth within corporations, fitting squarely within the business category."
Entrepreneur,Entrepreneur,"This role is defined by the act of starting and managing new business ventures, clearly positioning it in the entrepreneur category."
Community Outreach Coordinator,Other,"This role focuses on engaging with community members and promoting services or initiatives, which does not fit strictly into the other defined categories."
Researcher,Academic,"Researchers are primarily involved in conducting studies and investigations to advance knowledge, placing them in an academic context."
Sales Director,Business,"Sales Directors manage sales teams and strategies within corporate settings, which aligns with business functions."
Educator,Academic,"Educators are involved in teaching and developing curriculum, which is inherently tied to academic institutions."
Account Executive,Business,"Account Executives work with clients to manage accounts and drive sales, fulfilling a key business role within organizations."
Strategy Consultant,Business,"Strategy Consultants advise organizations on business strategies and improvements, characteristic of business consultancy roles."
Product Manager,Business,"Product Managers oversee the development and marketing of products within businesses, fitting them into the business classification."
Investment Advisor,Business,"Investment Advisors provide financial guidance and strategy for clients, placing them firmly in the business sector."
Real Estate Officer,Other,"This role involves aspects of real estate management and transactions, which does not fall under the other specified categories."
Technology Consultant,Technical,"Technology Consultants provide expertise in technology systems and implementations, classifying them as technical professionals."
Visual Designer,Creative,"Visual Designers create engaging visual content, aligning their role with creative industries and practices."
Media Producer,Creative,"Media Producers oversee the production of media content, which is characteristic of creative roles in the entertainment sector."
Solutions Architect,Technical,"Solutions Architects design and implement technical solutions, placing them within the technical field."
Education Coordinator,Academic,"This role is involved in developing and managing educational programs, which is inherently an academic function."
Sales Account Executive,Business,"Sales Account Executives manage specific customer accounts and drive sales initiatives, firmly placing them in the business category."
Project Management,Business,"Project Management involves overseeing projects within business settings, ensuring they meet objectives and timelines."
Content Creator,Creative,"Content Creators produce digital content, effectively situating them within creative roles focused on media and communication."
Customer Experience Strategist,Business,"Customer Experience Strategists design and implement strategies to enhance customer satisfaction, fitting them into business functions."
Development Officer,Business,"Development Officers are responsible for fundraising and development efforts within organizations, categorizing them in a business context."
UX Designer,Creative,"UX Designers focus on creating user-friendly interfaces, which is a creative role central to product design and development."
Accountant,Business,"Accountants handle financial record-keeping and reporting, aligning them with core business operations."
Communications Specialist,Business,"This role involves managing a company's internal and external communication strategies, which aligns with the corporate focus of business roles."
Content Writer,Creative,"Content Writers create written material for various media, making this role distinctly aligned with creative professions in media production and writing."
Sports Coach,Creative,"A Sports Coach primarily focuses on teaching athletic skills and strategies, which fits under creative roles in sports education."
IT Operations,Technical,"IT Operations involves managing and maintaining IT infrastructures, which is inherently a technical role in computer science and engineering."
Operations Leader,Business,"This role is responsible for overseeing and improving business operations, placing it squarely within the corporate management domain."
Automotive Engineer,Technical,"Automotive Engineers apply principles of engineering to design and develop vehicles, thus fitting within technical roles in engineering."
University Professor,Academic,"As a university professor, this role is focused on teaching, research, and academic scholarship within a higher education institution."
Administrative Coordinator,Other,"This role involves providing administrative support, which does not align with the specific categories of academic, business, creative, technical, or entrepreneurial roles."
Brand Strategist,Business,"A Brand Strategist develops strategies to build and promote a brand, which is aligned with marketing within the business sector."
Financial Analyst,Business,"Financial Analysts assess financial data to guide business decisions, clearly placing them within finance-related business roles."
Printing Technician,Technical,"Printing Technicians operate printing machinery and setups, which involves technical skills related to machinery and processes."
Event Coordinator,Other,"Event Coordinators plan and execute events, a role that does not fit neatly into academic, business, or technical categories."
Executive Assistant,Other,"An Executive Assistant provides high-level administrative support, which does not fit the defined categories."
Application Developer,Technical,"Application Developers create software applications, making this role fundamentally technical in nature."
Design Engineer,Technical,"Design Engineers apply engineering principles to create and test designs for products, aligning them with technical roles in engineering."
Corporate Attorney,Business,"Corporate Attorneys provide legal advice and services related to corporate law, fitting this role within the business field."
Real Estate Agent,Other,"Real Estate Agents facilitate the buying and selling of property, a role that does not fit into the main categories provided."
Attorney,Other,"Attorneys practice law and provide legal counsel, which does not align with the listed categories of academic, business, creative, technical, or entrepreneurial."
Nanotechnology Research Scientist,Academic,"This role involves conducting research in nanotechnology, which is inherently academic in nature as it relates to scientific study and research."
Art Educator,Academic,"Art Educators teach and guide students in artistic expression and techniques, placing them in the academic teaching role category."
Social Services Advisor,Other,"This role provides guidance and support in social services; however, it does not neatly fit the categorized roles."
Embedded Systems Engineer,Technical,"Embedded Systems Engineers design and develop embedded systems, making this role technical in nature due to its engineering focus."
Event Entertainer,Creative,"Event Entertainers perform at events and venues to engage audiences, aligning them with creative roles in the entertainment field."
Technical Product Manager,Business,"Technical Product Managers oversee product development while managing technical aspects, placing them in a business-centric role."
Retail Sales Associate,Business,"This role involves direct selling and customer service in a retail environment, aligning with the business sector."
Operations Supervisor,Business,"This role involves overseeing and managing operational processes within a business, making it a key position in corporate management."
Food Service Staff,Other,This role does not fit into any specialized category as it primarily involves service in the food industry.
Game Artist,Creative,"This role is focused on the design and creation of visual elements for video games, which falls under the creative arts."
Mechanical Systems Engineer,Technical,"This role involves engineering principles to design and analyze mechanical systems, firmly placing it in the technical category."
Social Media Marketing,Business,"This role encompasses marketing strategies and activities focused on social media platforms, aligning it with business operations."
Healthcare Practitioner,Other,"This role involves providing medical care and expertise, which does not fit into the defined categories and is thus classified as 'Other'."
Mental Health Counselor,Other,"This role involves providing psychological support and counseling, making it not fit into any specialized classification."
Research Scientist,Academic,"As this role is focused on conducting systematic investigations and experiments, it fits within the academic research field."
Recruiter,Business,"This role involves sourcing and hiring talent for businesses, which is a part of human resources and business operations."
AI Engineer,Technical,"This role focuses on the development of artificial intelligence systems, aligning it with technical engineering roles."
Healthcare Operations,Business,"This role deals with the management and operational aspects of healthcare facilities, placing it in the business sector."
HR Director,Business,"This role involves overseeing human resources functions and strategy within a company, categorizing it under business."
Recruitment Coordinator,Business,"This role supports the recruitment process in an organization, aligning with business operations and HR."
Performing Artist,Creative,"This role involves artistic performance in various forms, belonging to the creative domains of arts and entertainment."
Finance Executive,Business,"This role encompasses high-level financial management and strategy, positioning it within the business category."
Chef,Other,"This role involves culinary arts and food preparation, which does not fit into the defined categories and is thus classified as 'Other'."
Systems Integration Engineer,Technical,"This role focuses on the integration of complex systems, firmly placing it in the technical engineering domain."
Guest Service Agent,Other,"This role involves customer service in hospitality, which does not fit into the specialized categories defined."
Property Management,Other,"This role involves overseeing real estate properties, placing it outside the defined professional categories."
Financial Advisor,Business,"This role involves providing financial guidance and management, categorizing it under business operations."
Paralegal,Business,"This role supports legal services and operates within the corporate legal framework, making it a business-related role."
SEO Specialist,Business,"This role focuses on optimizing online content for search engines to enhance business visibility, thus classified under business."
Data Analyst,Business,"This role involves analyzing data to provide insights for business decisions, categorizing it within the business field."
Business Analyst,Business,"This role focuses on analyzing business processes and recommending improvements, fitting well within the business category."
Communications Officer,Business,"This role involves managing communications strategies for organizations, which aligns it with business operations."
Acquisition Strategist,Business,"This role involves developing strategies for acquiring new customers or clients, which is integral to business development and marketing."
Law Enforcement Officer,Other,"This role fits into the 'Other' category as it pertains to public safety and law enforcement, rather than academic, business, or technical fields."
Law Enforcement Professional,Other,"Similar to the previous role, it focuses on public service and enforcement of the law, categorizing it as 'Other'."
Office Assistant,Other,"An Office Assistant typically handles administrative tasks, which do not fit into the defined categories of Academic, Business, or Technical."
Data Scientist,Technical,"This role involves analyzing complex data and developing algorithms, which aligns it with technical skills in computer science and statistics."
Marketing Insights Analyst,Business,"This role focuses on analyzing market data to provide insights that drive marketing strategies, fitting within the business domain."
Customer Support,Other,"Customer Support roles are mainly focused on assisting customers, which does not align with the specific categories provided."
Recreation Coordinator,Other,"This role focuses on planning and organizing recreational activities, which does not fit into the defined categories."
Healthcare Sales Representative,Business,"This role involves selling healthcare products or services, placing it firmly within the business sector."
General Manager,Business,"As a General Manager, one oversees operations and strategy in a corporate environment, clearly categorizing this role under business."
IT Administrator,Technical,"An IT Administrator manages an organization's technology and systems, which requires technical proficiency and knowledge."
Insurance Sales Agent,Business,"This role focuses on selling insurance products, thereby situating it in the business category."
Admissions Coordinator,Other,An Admissions Coordinator typically works in an educational institution but does not fit into the academic or other defined categories.
Registered Nurse,Other,"As a healthcare professional, a Registered Nurse provides medical care and patient support, classifying this role as 'Other'."
Retail Operations,Business,"This role is centered on managing retail operations and customer engagement strategies, fitting well into the business sphere."
Franchise Operations,Business,A role focused on managing and developing franchises typically involves strategic business operations.
Manufacturing Engineer,Technical,"Manufacturing Engineers work on the design and improvement of manufacturing processes, placing them in the technical domain."
News Journalist,Creative,"As a News Journalist, one engages in writing and reporting, which falls under the domain of creative professions."
Clinical Research Scientist,Technical,"This role involves scientific research in clinical settings, thus involving technical skills in the biological or medical sciences."
Systems Analyst,Technical,"Systems Analysts evaluate and improve systems, requiring technical knowledge in IT and systems engineering."
Finance Officer,Business,"A Finance Officer manages financial operations, budgets, and forecasts within an organization, situating it in the business category."
Compliance Auditor,Business,"This role involves ensuring that organizations comply with laws and regulations, which is a crucial function in business operations."
Project Coordinator,Other,"Typically responsible for overseeing project logistics and support, this role does not fit into the specific academic, business, or technical categories."
Customer Success,Business,"Customer Success roles focus on enhancing customer satisfaction and retention, which are key aspects of business operations."
Finance Clerk,Business,"This role involves financial record-keeping and clerical tasks, classifying it as part of the business sector."
Volunteer Coordinator,Other,"This role focuses on managing volunteers and does not fit neatly into any specialized category such as Business, Academic, or Technical."
Career Coach,Other,"A career coach provides guidance and support for personal career development, which does not align specifically with the defined categories."
Catering Coordinator,Other,"The catering coordinator primarily oversees food services for events, fitting into the Other category as it doesn't align with business, academic, or creative fields."
Art Instructor,Academic,"An art instructor teaches art within educational settings, categorizing it under Academic due to its educational nature."
Loan Officer,Business,"A loan officer works in the finance sector, assessing and approving loans, which clearly fits within the Business category."
Data Engineer,Technical,"Data engineers develop and manage data infrastructure and are involved in technical aspects of data processing, classifying them as Technical."
Community Health Coordinator,Other,"This role focuses on managing health initiatives and community programs, thus falling into the Other category."
Project Engineer,Technical,"Project engineers apply engineering principles to manage projects, placing them squarely in the Technical category."
Religious Leader,Other,"A religious leader's role is primarily spiritual and community-oriented, which does not fall into the defined categories."
Industrial Sales Representative,Business,"This role involves selling industrial products and services, hence it is classified under Business."
Web Accessibility Designer,Creative,"This role focuses on designing web interfaces to be accessible to all users, aligning with Creative due to its design aspect."
Fashion Merchandiser,Business,"Fashion merchandisers play a key role in promoting and selling fashion products, categorizing them under Business."
Travel Sales,Business,"This role involves selling travel services and products, placing it firmly in the Business category."
Law and Social Science Lecturer,Academic,"Lecturers who teach law and social sciences are part of the academic environment, fitting into the Academic category."
Science Educator,Academic,"A science educator teaches scientific concepts in educational settings, thereby classifying this role under Academic."
Student Services,Other,"Positions in student services focus on student welfare and administrative support, which do not fit the specific categories."
Transformation Consultant,Business,"Transformation consultants help organizations improve and adapt, making this role characteristic of Business."
Life Scientist,Technical,"Life scientists study living organisms and biological systems, which places them in the Technical category."
Technical Support,Technical,"Technical support roles assist users with technical issues, categorizing them clearly as Technical."
Banking Operations,Business,"This role involves managing and overseeing the operations within a banking environment, identifying it as Business."
Event Photographer,Creative,"Event photographers capture images at various events, which aligns them with the Creative category."
Training Coordinator,Other,"This role primarily involves coordinating training programs, which does not clearly fit into any of the established categories."
Fashion Designer,Creative,"Fashion designers create clothing and accessories, placing them firmly within the Creative category."
Financial Trader,Business,"Financial traders buy and sell financial instruments, categorizing their work under the Business domain."
IT Support Technician,Technical,"IT support technicians troubleshoot and resolve tech-related issues, categorizing them as Technical professionals."
Supply Chain Operations,Business,"This role involves managing and optimizing the supply chain process, which is a critical business function related to logistics and operations."
Childcare Provider,Other,This role focuses on caring for children and does not fit into any of the specified professional categories.
Information Security,Technical,"This role involves protecting information systems and data, which is a key function in technical fields related to computer science and cybersecurity."
Sales Consultant,Business,This role is associated with selling products or services and involves consulting with clients to meet their business needs.
Fitness Instructor,Creative,"This role involves teaching and instructing fitness activities, which often incorporates elements of coaching and creativity."
Sales Operations,Business,"This role focuses on improving the efficiency and effectiveness of sales processes, a key business function."
Cloud DevOps Engineer,Technical,"This role involves managing cloud services and automating development operations, directly related to engineering and technology."
Rehabilitation Therapist,Other,"This professional role focuses on providing rehabilitative services to individuals, which does not fit into the defined categories."
QA Engineer,Technical,"This role involves ensuring the quality of software products through testing procedures, making it a technical position related to software development."
Cybersecurity Analyst,Technical,"This role focuses on protecting an organization's information systems from cyber threats, which is a technical capacity in information security."
Business Intelligence Analyst,Business,"This role involves analyzing data to inform business decisions, making it a crucial aspect of business strategy."
Manufacturing Process Improvement,Technical,"This role focuses on enhancing the manufacturing process, which includes aspects of engineering and technical analysis."
Cybersecurity Engineer,Technical,"This role involves designing and implementing security measures to protect systems, which is directly related to technical expertise."
Procurement Agent,Business,"This role deals with purchasing goods and services for an organization, which is a fundamental aspect of business operations."
Wellness Coach,Creative,"This role involves guiding individuals on lifestyle choices, employing creativity in developing personalized wellness plans."
Construction Coordinator,Other,"This role involves managing construction projects, which does not neatly fit into the specified professional categories."
Fundraising Coordinator,Other,"This role is focused on organizing fundraising events and activities, which does not fall under commercial or technical definitions."
Fashion Stylist,Creative,"This role involves designing and coordinating fashion looks, placing it firmly within the creative realm."
Medical Liaison,Other,"This position serves as a bridge between healthcare professionals and organizations, which doesn't align with the defined categories."
Learning Developer,Academic,"This role focuses on developing educational content and curricula, closely associated with academic settings and educational research."
Field Technician,Technical,"This role involves hands-on technical work in the field, directly relating to technical systems and engineering."
HR Coordinator,Business,"This role supports various HR functions within a company, which is a central aspect of business operations."
Demand Planner,Business,"This role involves forecasting demand for products, an essential function for optimizing business operations."
Environmental Coordinator,Other,"This position focuses on environmental compliance and strategy, which does not fit into the defined professional categories."
Production Supervisor,Other,"This role involves overseeing production processes and staff management, which does not fit neatly into the other categories."
Logistics Coordinator,Business,"This role involves managing and coordinating logistics operations, which are key aspects of business management and efficiency."
Accounting Clerk,Business,"As a role focused on managing financial records and transactions, this fits within the accounting sector of business."
Medical Assistant,Other,"This role is associated with providing clinical and administrative support in healthcare settings, which does not fit into the specified categories."
Instructional Designer,Academic,"This role involves designing educational programs and materials, linking it closely to educational methodologies in academic institutions."
Court Clerk,Other,"This position involves managing court records and administration, which is related to the legal system but does not fit into other defined categories."
Tax Accountant,Business,"As a professional responsible for preparing and filing tax documents, this clearly falls within the business accounting category."
Dental and Holistic Care,Other,"This role pertains to healthcare practices that involve therapeutic and dental work, situating it outside of our core categories."
Nursing Assistant,Other,"This role focuses on assisting nurses in providing patient care within healthcare facilities, which is outside the academic/business/technical/creative categories."
Technical Program,Technical,"This role typically involves overseeing or executing technical projects, which relates directly to the technical support ecosystem."
Environmental Scientist,Technical,"Involving the study of environmental systems and applying scientific principles, this role fits squarely within the technical category."
Pharmacist,Other,"As a healthcare provider specialized in the dispensation of medications, this role does not fit into the defined categories."
Branch Operations,Business,"This role encompasses managing the operations of a business branch, which is critical in corporate management."
Purchasing Agent,Business,"This role involves acquiring goods and services for a company, which is a central function in business operations."
Insurance Claims,Business,Managing and processing insurance claims is a business function that deals directly with financial transactions.
Academic Administrator,Academic,"This role focuses on overseeing academic policies and administrative tasks in educational institutions, aligning it with academic functions."
Network Administrator,Technical,"This role involves managing and maintaining computer networks, placing it firmly within technical responsibilities."
Operations Coordinator,Business,"This role focuses on ensuring the smooth operation of various business functions, making it a key position in business management."
Financial Auditor,Business,"As a role focused on reviewing financial records, this fits into the business accounting and financial sectors."
Installation Technician,Technical,"This role involves the technical installation of systems or equipment, placing it squarely in the technical field."
Security Officer,Other,"This position focuses on maintaining safety and security, which does not fit into the other specified job categories."
Technical Instructor,Academic,"This role involves teaching technical skills and subjects, which correlates directly with academic roles."
Truck Driver,Other,"As a transportation role, truck driving does not align with the other defined categories."
Firefighter,Other,"This role focuses on fire rescue and safety, which is related to public safety and emergency services rather than the specified categories."
Health Informatics,Technical,"This role integrates healthcare with information technology, making it a specialized technical field."
Retail Associate,Business,"This role involves selling goods and assisting customers in a retail setting, which aligns it with business operations."
Treasury Analyst,Business,"Treasury Analysts are involved in financial management and strategy, focusing on cash flow, investment, and capital management, which aligns with corporate finance roles."
Network Engineer,Technical,"Network Engineers design and implement network solutions, which is a key aspect of technical roles in engineering and information technology."
General Laborer,Other,"General Laborers perform various physical tasks and do not fit into the specific professional categories of academic, business, creative, entrepreneur, or technical roles."
Production Operator,Other,"Production Operators work in manufacturing environments, focusing on operating machinery and processes, which does not fall under the defined categories."
E-commerce Operations,Business,"E-commerce Operations involves managing online sales platforms and related activities, which are integral to business management and strategy."
Maintenance Technician,Other,"Maintenance Technicians perform repairs and maintenance on equipment, which does not align with the defined professional categories."
Construction Worker,Other,"Construction Workers engage in physical labor on building sites, fitting into the category of other occupations that do not have a specific classification."
Beauty Consultant,Creative,"Beauty Consultants provide advice on products and techniques related to personal care and aesthetics, aligning with creative roles in beauty and design."
Lifeguard,Other,"Lifeguards supervise swimming areas and ensure safety, categorizing this role as other due to its non-professional nature."
Quality Control,Other,"Quality Control roles focus on ensuring products meet standards, which does not fit into the specified categories."
Energy Systems Engineer,Technical,"Energy Systems Engineers work on the technical aspects of energy production and management, fitting well within technical roles in engineering."
Behavior Analyst,Other,"Behavior Analysts apply principles of behavior analysis and therapy in clinical settings, thus falling into the other category."
Language Translator,Other,"Language Translators facilitate communication between languages, which is a non-professional role that does not fit the other specified categories."
Land Surveyor,Other,"Land Surveyors measure land and create site plans, which does not fit the categories of academic, business, creative, entrepreneur, or technical."
Audio Visual Engineer,Technical,"Audio Visual Engineers are involved in the technical aspects of sound and visuals in events, fitting them into technical roles associated with engineering."
Clinical Research Coordinator,Academic,"Clinical Research Coordinators manage and oversee clinical studies, focusing on research and academic goals within healthcare settings."
Military Pilot,Other,"Military Pilots operate aircraft for military purposes, categorizing this role within other occupations that do not have a specific professional classification."
Service Attendant,Other,Service Attendants provide various customer service functions but do not fit into any specialized professional category.
Lab Technician,Technical,"Lab Technicians perform experiments and analysis in scientific settings, aligning them with technical roles in the hard sciences."
Stage Technician,Creative,"Stage Technicians are involved in the technical aspects of performance production, fitting into the creative industry due to their work in entertainment."
Product Owner,Business,"Product Owners manage product development and strategy within a business context, fitting them into a business classification."
Insurance Underwriter,Business,"Insurance Underwriters assess risk for insurance policies, a role that is crucial to the finance and business sectors."
Material Handler,Other,"Material Handlers manage the movement of materials and products, without fitting into the defined professional categories."
Healthcare Product Marketing,Business,"Healthcare Product Marketing focuses on strategies to promote medical products, aligning it with business roles in healthcare."
Quality Inspector,Other,"Quality Inspectors ensure products meet specifications and standards, falling into the other category that does not align with the definitions."
Membership Coordinator,Other,"The Membership Coordinator role involves managing member relations and administrative tasks, which does not fit into the academic, business, creative, entrepreneur, or technical categories."
Industrial Infrastructure Operations,Technical,"This role pertains to the technical aspects of managing and maintaining industrial systems, aligning it with engineering and technical practices."
UX Researcher,Creative,"The UX Researcher role focuses on studying user experiences and design feedback, blending user psychology with design principles."
Technical Writer,Technical,"Technical Writers create documentation for technical processes, requiring a deep understanding of the subject matter and technical communication skills."
Housing Coordinator,Other,"As a Housing Coordinator, the role involves managing housing services, which is administrative and does not fit into the specified categories."
Laboratory Technician,Technical,"Laboratory Technicians work in scientific settings performing tests and analyses, placing them squarely in the technical field."
Aerospace Analyst,Technical,"This role involves analysis in aerospace engineering, which is a technical discipline focused on the engineering and technology related to aircraft and spacecraft."
Policy Evaluator,Other,"The Policy Evaluator assesses policies and their implications, which is more aligned with public administration than the specified categories."
Data Management,Technical,"This role involves the technical management of data systems, emphasizing the organization and processing of data."
Electronics and Optics Engineer,Technical,"This role directly involves engineering principles related to electronics and optics, fitting firmly in the technical category."
Financial Systems,Business,"Roles related to financial systems focus on the management and analysis of financial information, which is central to business operations."
Library Assistant,Other,"The Library Assistant supports library operations but does not fit a more defined category like academic, business, or technical."
Operations Support,Business,"Operations Support roles are related to assisting in business operations and efficiency, aligning them with business functions."
Merchandise Planner,Business,"Merchandise Planners are involved in the business aspect of inventory and product sales strategy, clearly situating them within the business category."
Machinist,Technical,"Machinists operate machinery to create precision parts, placing them in the technical domain."
Renewable Energy Consultant,Technical,"The role of a Renewable Energy Consultant involves technical knowledge of energy systems and sustainability, categorizing it in the technical field."
Technical Trainer,Technical,"Technical Trainers educate individuals on specific technologies and processes, falling under the technical realm."
Travel Coordinator,Other,"Travel Coordinators manage travel arrangements, which does not align with the specific categories provided."
Dietitian,Other,"Dietitians provide nutritional advice and counseling, positioning this role outside the defined categories."
Grant Administrator,Other,"Grant Administrators manage grant processes and funding, which does not strictly fit into the defined categories."
Residential Property Management,Other,"This role involves overseeing residential properties, which is more aligned with property management than the specified categories."
Geologist,Technical,"Geologists study the Earth and its processes, placing them in the technical sciences field."
Production Coordinator,Creative,"Production Coordinators manage the logistics of production processes in creative industries, aligning them with creative roles."
Sustainability and Energy,Technical,"This role focuses on the technical aspects of sustainability practices and energy systems, placing it in the technical category."
Audio Visual Technician,Technical,"Audio Visual Technicians work with audiovisual equipment and technologies, categorizing it within the technical realm."
Customer Service Operations,Other,This role involves overseeing customer service processes but does not fit into the other specific categories.
Safety Coordinator,Other,"A Safety Coordinator is responsible for ensuring workplace safety, which does not align with the specified categories."
Logistics Sales,Business,"Logistics Sales involves selling logistics services and solutions, fitting within the business category."
Energy Project Coordinator,Other,This role coordinates energy projects but primarily does not match any predefined categories.
Renewable Energy Analyst,Technical,"This role involves analyzing renewable energy data and technologies, aligning it with technical fields."
Claims Adjuster,Business,"A Claims Adjuster evaluates insurance claims, which is a function typically categorized under business roles."
Vehicle Sales Consultant,Business,"This role involves selling vehicles, fitting into business as it deals with sales."
Healthcare Coordinator,Other,"A Healthcare Coordinator manages healthcare services, which does not fit the other listed categories."
Customer Service Supervisor,Other,"While overseeing customer service, this position does not align with the specifically defined categories."
Medical Sales Representative,Business,"This role involves selling medical products and services, categorizing it under business."
Other,Other,This is a generic term that does not fall into any specialized categories.
Sustainability Analyst,Technical,"This role involves analyzing data related to sustainability efforts, fitting into technical categories."
Scrum Master,Other,A Scrum Master facilitates agile project management but doesn't fit into the defined categories.
Sustainability Specialist,Other,"While focusing on sustainability, this role generally does not fit the other specific categories."
Benefits Coordinator,Other,This role coordinates employee benefits and does not align with any specific category.
SAP Consultant,Business,"SAP Consultants provide business software solutions, aligning them within the business category."
Automotive Sales,Business,"This role is focused on selling automotive products, categorizing it under business."
Chemical Scientist,Technical,"A Chemical Scientist works within hard sciences, specifically chemistry, fitting into the technical category."
Structural Engineer,Technical,"This role involves engineering and design of structures, which is a technical field."
Quality Assurance Tester,Technical,"Quality Assurance Testers ensure the quality of software or systems, categorizing them within technical roles."
Diversity and Inclusion,Other,"This role focuses on promoting diversity and inclusion in organizations, which does not fit other categories."
Order Operations,Other,This position manages order operations but is not specified under any defined category.
Intelligence Analyst,Other,"An Intelligence Analyst processes and analyzes intelligence data, which fits outside the specified categories."
Cloud Consultant,Technical,"A Cloud Consultant provides expertise on cloud computing solutions, fitting into technical roles."
Leasing Coordinator,Other,This role coordinates leasing processes and does not fit into the defined categories.
Estate and Trust Advisor,Business,"This role involves providing financial and legal advice related to estate planning and trust management, which falls under the realm of business and finance."
Delivery Driver,Other,"This role involves transporting goods and services, which does not fit into any of the specified categories and is classified as Other."
Airport Operations Crew,Other,"This role is associated with managing airport operations and logistics, which does not align with the categories provided and is thus classified as Other."
Security Instructor,Other,"This role involves teaching security protocols and practices, which is not classified under the other specified categories."
Contract Administrator,Business,"This role involves managing and overseeing contracts within an organization, which is a core business function."
Healthcare Consultant,Business,"This role involves advising healthcare organizations on business strategies and operations, fitting it firmly within the business category."
Safety Engineer,Technical,"This role involves applying engineering principles to ensure health and safety in designs and projects, placing it in the technical field."
Cash Clerk,Business,"This role involves handling cash transactions and financial records, making it a function related to finance and accounting."
Production Planner,Business,"This role involves planning and overseeing production processes to meet business objectives, which fits into the business category."
IT Support Operations,Technical,"This role involves providing technical support and troubleshooting for IT systems, classifying it under technical roles."
Process Analyst,Business,"This role focuses on analyzing and improving business processes, aligning it with the business category."
Equipment Operator,Other,"This role involves operating machinery, which doesn’t fit the provided categories and is classified as Other."
Science Project Manager,Technical,"This role involves managing scientific projects, which includes technical components and aligns it with the technical category."
Retail Merchandiser,Business,"This role involves promoting and managing products in retail settings, closely tied to marketing and business strategies."
Flight Crew,Other,"This role involves the operation of flights which does not fit into the specified categories, hence it is classified as Other."
Supply Chain Planner,Business,"This role focuses on coordinating and planning supply chain activities, making it a function of business management."
Fraud Investigator,Business,"This role involves investigating financial discrepancies and fraud, which is aligned with business operations and finance."
HR Systems Analyst,Business,"This role is focused on analyzing HR data and systems, which is pivotal to human resource management within a business context."
Fintech Software Developer,Technical,"This role involves developing software solutions within the financial technology sector, firmly placing it in the technical category."
Project Planner,Business,"This role involves planning and management of projects to meet business goals, fitting the business classification."
Healthcare Marketer,Business,"This role focuses on marketing within the healthcare industry, which is a function of business strategy and operations."
Change Management,Business,"This role involves managing organizational change, dealing with the business processes involved, which fits in the business category."
Validation Engineer,Technical,"This role involves validating processes and products within technical fields, placing it firmly in the technical category."
Database Administrator,Technical,"This role focuses on managing and maintaining databases, which is a technical job in the field of information technology."
Janitor,Other,"This role involves maintaining cleanliness and order in facilities, which does not fit into the specified categories and is classified as Other."
Transportation Planner,Technical,"Transportation Planners analyze and develop plans for transportation systems, making their work a part of urban planning and civil engineering."
Game Developer,Technical,"Game Developers design and create video games, utilizing technical skills in programming and software development."
Asset Management,Business,"Asset Management involves managing investments and financial assets, which is a core function in the business sector."
Animal Care,Other,"Animal Care roles focus on the well-being of animals and do not fit into the specified categories, making this role classified under Other."
Landscape Technician,Other,"Landscape Technicians work on the maintenance and implementation of outdoor spaces, which does not fit into predefined categories."
Healthcare Project Manager,Business,"Healthcare Project Managers oversee projects within the healthcare sector, combining management skills with business objectives."
Valuation Analyst,Business,"Valuation Analysts assess the value of assets, contributing to investment strategies and financial operations in the business domain."
Maintenance Supervisor,Other,"Maintenance Supervisors manage maintenance activities and teams, which doesn't align with the listed categories, thus classified under Other."
Financial Product,Business,"Financial Products are instruments or vehicles related to financial growth or security, representing a typical aspect of business."
Water Engineer,Technical,"Water Engineers design and manage water systems, applying technical expertise in civil engineering and environmental science."
Agricultural Scientist,Technical,"Agricultural Scientists conduct research to improve farming practices and crop yields, utilizing technical knowledge in the agricultural sector."
Banking Analyst,Business,"Banking Analysts evaluate trends and data to support financial services, placing this role firmly in the business category."
Medical Writer,Creative,"Medical Writers create content related to medicine and healthcare, utilizing creative skills to communicate complex information effectively."
Construction Estimator,Business,"Construction Estimators analyze project costs and prepare estimates, a role that is essential in the business aspect of construction."
Data Clerk,Other,"Data Clerks manage information and data entry, which does not fit into the specified academic, business, or technical categories."
Flight Operations,Other,"Flight Operations personnel manage the logistical aspects of flight movement, fitting into the Other category due to the variety of roles encompassed."
Home Design Consultant,Creative,"Home Design Consultants focus on aesthetic and functional home designs, which aligns with creative pursuits in design."
Quantitative Risk Analyst,Business,"Quantitative Risk Analysts assess and manage risks using quantitative methods, placing this role in the business domain."
Records Clerk,Other,"Records Clerks manage files and documentation, a role that doesn't fit the academic, business, or technical categories, thus classified as Other."
HR Finance Coordinator,Business,"HR Finance Coordinators handle the financial aspects of human resources, intertwining HR functions with business finance."
Community Volunteer,Other,"Community Volunteers provide service within their communities without a formal role in academic, business, technical, or creative fields, hence classified under Other."
Medical Scribe,Other,"Medical Scribes assist healthcare professionals by documenting patient information, fitting into the Other category."
Supply Chain Analyst,Business,"Supply Chain Analysts evaluate and improve supply chain processes, a role central to business operations."
HR Operations,Business,"HR Operations focuses on the effective management of human resources, aligning it with business functions."
Asset Protection,Business,"Asset Protection involves strategies and actions to safeguard assets, which is a key aspect of business management and safety."
Pricing Analyst,Business,"This role involves analyzing pricing strategies and market trends to maximize profit, which fits within the business domain of strategy and finance."
Wildlife Conservation Officer,Other,"This role focuses on the protection of wildlife and natural habitats, categorized as Other because it does not fit the specified professional categories."
Gaming Attendant,Other,"This position involves working in a gaming establishment, providing assistance to customers, fitting the Other category as it does not align with the defined roles."
Aviation Instructor,Academic,"This role is associated with teaching and training students in aviation, placing it in the Academic category."
Casino Staff,Other,"This role encompasses various duties related to customer service in a casino, fitting the Other category as it doesn't fall into the specified six categories."
Veterinary Technician,Other,"This role involves providing healthcare support to animals, which fits into the Other category as it is not aligned with the primary categories."
Drilling Technician,Technical,"This role involves technical work in the drilling industry, which is closely related to engineering and technology."
Custodial Cleaner,Other,"This role involves maintaining cleanliness in buildings and facilities, categorizing it as Other since it does not align with the academic, business, creative, entrepreneur, or technical roles."
Healthcare Product Manager,Business,"This role involves managing products within the healthcare sector, focusing on business strategies, thus fitting into the Business category."
Aviation Engineer,Technical,"This role is in the field of engineering focused on aviation, which fits within the Technical category."
Payroll Coordinator,Business,"This role involves managing employee payroll processes, classifying it in the Business category."
Healthcare Quality Assurance,Business,"This role focuses on ensuring standards and regulations in healthcare services, placing it within the business management realm."
Compensation Specialist,Business,"This role involves developing and managing compensation structures, categorizing it under Business."
Security Product Manager,Business,"This role entails managing security products, aligning it with strategic business responsibilities."
Financial Aid Advisor,Business,"This role provides guidance on financial aid resources, fitting into the Business category as it relates to financial management in education."
Total Rewards Specialist,Business,"This role focuses on developing strategies for employee compensation and benefits, categorizing it as Business."
Labor Relations,Business,"This role deals with labor laws and relations, fitting well within the Business category focused on corporate structure."
Pricing Strategist,Business,"This role involves developing pricing strategies to optimize market positioning, which clearly fits within the Business domain."
Construction Inspector,Technical,"This role involves inspecting construction sites for compliance, placing it in the Technical category related to engineering."
Revenue Specialist,Business,"This role focuses on revenue management strategies and analytics, categorizing it firmly in the Business sector."
Actuary,Business,"This role involves analyzing financial risks using mathematics, thereby fitting well within the Business domain."
Collections Agent,Business,"This role is focused on collecting debts owed to a company, fitting into the Business category."
Land Acquisition Agent,Business,"This role involves acquiring land for development, firmly placing it in the Business category associated with real estate."
Learning Systems Administrator,Technical,"This role involves managing learning management systems and associated technologies, fitting it into the Technical category."
Energy Engineer,Technical,"This role is in the field of engineering focused on energy production and efficiency, categorizing it as Technical."
Utilities Coordinator,Other,"The role involves managing utility services and logistics, which does not fit firmly into business, technical, academic, or creative categories."
Archaeologist,Academic,"Archaeologists engage in research, excavation, and education related to historical sites, making it an academic role focused on study and teaching."
Healthcare Recruiter,Business,"A healthcare recruiter is involved in talent acquisition within the healthcare sector, which aligns with business activities related to human resources."
Agriculture Sales,Business,"This role involves selling agricultural products and services, fitting within the sales aspect of business operations."
Healthcare Systems Analyst,Technical,"Healthcare systems analysts evaluate and enhance healthcare technologies and systems, which requires technical expertise in software and data management."
Automation Engineer,Technical,"Automation engineers design and develop automated systems, which involves engineering and technical knowledge."
Transport Driver,Other,"Transport drivers are involved in logistics and transportation, categorizing this role as one that does not fit academic, business, technical, or creative."
Food Technologist,Technical,"Food technologists apply scientific principles to food production and safety, fitting the technical category."
Healthcare Data Analyst,Technical,"This role involves analyzing health data to improve patient care and operational efficiency, requiring technical skills in data science."
Regulatory Affairs,Business,"Regulatory affairs professionals ensure compliance with regulations in various industries, aligning with business operations and consultancy."
Clinical Data Analyst,Technical,"Clinical data analysts analyze medical data to support clinical research and practices, which involves technical abilities in data analysis."
Release Operations,Technical,"Release operations involve managing the deployment of software applications, a role that is inherently technical."
Healthcare Volunteer,Other,"Healthcare volunteers provide support without compensation, a category outside of business, academic, creative, or technical."
Communication and Delivery,Other,"This role focuses on the logistics of communication and delivery of goods or services, which does not fit into other specified categories."
Records Manager,Business,"Records managers handle the organization and maintenance of company records, a key business operation."
Aviation Meteorologist,Technical,"Aviation meteorologists analyze weather data to inform flight operations, which is a role requiring technical knowledge of meteorology."
Quality Control Analyst,Technical,"Quality control analysts assess products and processes for compliance with industry standards, requiring technical expertise."
Revenue Strategist,Business,"Revenue strategists develop methods to enhance profitability and revenue streams for companies, placing them firmly in the business category."
Workforce Analyst,Business,"Workforce analysts study labor trends and employee performance, key aspects of human resources and business strategy."
Telecom Advisor,Business,"Telecom advisors provide guidance on telecommunications strategies and solutions, which is a consulting function within the business domain."
Digital Archivist,Other,"Digital archivists manage and curate digital collections, a role that does not strictly fit into business, academic, or technical categories."
Automotive Operations,Other,"Automotive operations involve the management of automotive services, which does not fall into the other specified categories."
Parts Coordinator,Other,"Parts coordinators manage inventory for parts supply, a logistical role that does not fit neatly into the specified categories."
Proposal Coordinator,Business,"Proposal coordinators manage the preparation of project proposals, integral to business development and operations."
Healthcare Finance Analyst,Business,"Healthcare finance analysts evaluate financial data to support healthcare organizations, fitting within business analysis roles."
Inspector,Other,"Inspectors typically evaluate the quality and safety of products or processes, fitting into roles that do not fall under the defined categories."
Clinical Dietitian,Other,"Clinical Dietitians provide nutritional advice and dietary management for patients, which is a healthcare role not categorized under the other classifications."
Provider Relations,Business,"Provider Relations professionals work to manage relationships between healthcare providers and organizations, aligning with business management functions."
Medical Coder,Other,"Medical Coders translate healthcare diagnoses and procedures into codes for billing purposes, but they do not fit within the specified business or technical roles."
Loan Signing Agent,Business,"Loan Signing Agents facilitate the signing of loan documents and are involved in the financial services industry, fitting well into the business category."
Financial Recruiter,Business,"Financial Recruiters specialize in sourcing candidates for roles in finance, aligning with corporate recruitment and business management."
Data Governance Analyst,Technical,"Data Governance Analysts work with data management and compliance, which involves technical aspects of data integrity and system architecture."
Banking Product Development,Business,"This role focuses on developing banking products and services, aligning it closely with business strategy and product management."
Transportation Coordinator,Other,"Transportation Coordinators manage logistics related to transportation, which does not fit into any of the defined categories."
Optometrist,Other,"Optometrists are healthcare professionals who provide vision care, and thus, they are classified under the 'Other' category."
Ophthalmic and Hearing Nurse,Other,"This role focuses on nursing in the ophthalmic and audiology fields, classifying it within healthcare and 'Other'."
Automation Specialist,Technical,"Automation Specialists work on the development and implementation of automated systems, which is a highly technical field."
Medical Billing,Other,"Medical Billing professionals handle the billing process for healthcare services, but it does not fit neatly into the categorized fields."
Human Factors Engineer,Technical,"Human Factors Engineers apply principles of engineering and psychology to design user-friendly systems, fitting within technical roles."
Nuclear Operations Technician,Technical,"This role involves technical expertise in operating and maintaining nuclear facilities, clearly aligning with the technical category."
Proposal Writer,Creative,"Proposal Writers create detailed written proposals often for businesses or projects, which aligns with creative writing."
Immigration Advisor,Other,"Immigration Advisors assist clients with immigration processes, which does not fit into the defined categories."
Supplier Quality Assurance,Technical,"This role ensures that products meet quality standards, typically requiring technical knowledge in quality control."
Veterans Support Coordinator,Other,"Veterans Support Coordinators help veterans access services, which categorizes them outside of the defined classifications."
Print Operations,Other,"Print Operations professionals manage printing processes and equipment, which do not fit into the specified categories."
Manufacturing Finance Analyst,Business,"Manufacturing Finance Analysts focus on financial analysis within the manufacturing sector, aligning with business analysis roles."
Data Privacy,Technical,Data Privacy roles involve ensuring compliance with data protection regulations and often require technical expertise in information security.
Oil and Gas Analyst,Business,"This role focuses on analyzing data and trends in the oil and gas sector, fitting into business analysis and research."
Performance Engineer,Technical,"Performance Engineers design and optimize systems for efficiency and performance, which aligns them with technical engineering roles."
HCM Systems Analyst,Technical,"HCM Systems Analysts work with human capital management software solutions, which requires technical knowledge of HR systems."
Knowledge Analyst,Business,"Knowledge Analysts work to gather, analyze, and disseminate information pertinent to business strategies and operations."
Customer Service Trainer,Business,"Customer Service Trainers are responsible for improving customer service skills within a business context, focusing on corporate training and development."
Energy and Mining Operations,Technical,"This role involves managing and overseeing operations in the energy and mining sectors, requiring technical knowledge of engineering and resource management."
Salesforce Developer,Technical,"Salesforce Developers specialize in building and customizing applications on the Salesforce platform, a role that involves software development skills."
Occupational Health Nurse,Other,"Occupational Health Nurses provide healthcare services in occupational settings, focusing on worker health and safety, making this role part of the healthcare sector."
Localization Project Manager,Creative,"Localization Project Managers coordinate the adaptation of content for different languages and cultures, integrating elements of project management with creative processes."
Business Continuity Analyst,Business,"Business Continuity Analysts focus on ensuring that a company's operations can continue during and after a disaster, which is a business management responsibility."
Security Project Manager,Business,"Security Project Managers oversee projects related to security systems within an organization, representing a management role in a business context."
Configuration Analyst,Technical,"Configuration Analysts handle the setup and management of software applications and systems, which requires technical skills in IT and systems engineering."
Onboarding Coordinator,Business,"Onboarding Coordinators manage the process through which new employees are welcomed into a company, a role focused on human resources within a business."
Delivery Operations Coordinator,Business,"This role involves coordinating delivery operations, emphasizing logistics and management within a business setting."
Mail Processor,Other,"Mail Processors are responsible for sorting and handling mail, a support function that does not specifically fit into the other defined categories."
Medical Project Manager,Other,"Medical Project Managers coordinate health-related projects, primarily within the healthcare industry, falling under the broader category of other roles."
GIS Analyst,Technical,"GIS Analysts utilize geographic information system technology to analyze spatial data, making this role technical in nature due to its reliance on hard sciences."
Fleet Coordinator,Business,"Fleet Coordinators manage a company's fleet of vehicles, which relates closely to operational management and logistics within a business."
Plumbing Technician,Technical,"Plumbing Technicians specialize in the installation and repair of piping systems, requiring hands-on technical skills and knowledge."
Localization Specialist,Creative,"Localization Specialists adapt content to suit different cultural contexts, blending technical understanding with creative adaptation."
Vehicle Cleaner,Other,"Vehicle Cleaners perform maintenance and cleaning services on vehicles, which do not fit into the other defined categories."
Safety and Security Officer,Other,"Safety and Security Officers ensure the safety of people and environments, a role situated within public safety and security sectors."
Licensing Officer,Business,"Licensing Officers handle the issuance and regulation of licenses, often within a corporate or governmental framework, relating to business operations."
Network Planner,Technical,"Network Planners design and manage computer networks, encompassing technical knowledge of IT systems and architecture."
Phlebotomy Technician,Other,"Phlebotomy Technicians are trained to draw blood for tests, a medical role that does not fit into the other categories."
AI Project Coordinator,Business,"AI Project Coordinators manage projects related to artificial intelligence advancements within organizations, focusing on business applications."
Logistics Scheduler,Business,"Logistics Schedulers coordinate transportation and delivery schedules, which is crucial for business operations and supply chain management."
Environmental Technician,Technical,"Environmental Technicians assess and manage environmental issues, relying on technical knowledge in environmental science and technology."
Facilities Technician,Technical,"This role involves maintaining and managing technical systems within facilities, fitting the Technical category as it requires technical knowledge and skills."
Relocation Consultant,Business,"This role involves advising clients on relocation processes and logistics, which aligns it with business operations and client services."
Data Center Technician,Technical,"This position involves overseeing and maintaining data center systems, requiring technical expertise in computer systems and hardware."
Fire and Security Technician,Technical,"This role includes the installation and maintenance of fire and security systems, necessitating technical skills and knowledge."
Materials Engineer,Technical,Materials Engineers work on the development and testing of materials which directly pertains to engineering and hard sciences.
Pest Control,Other,"This role involves managing and eliminating pests, which does not fit into any of the other specific categories."
Medical Transporter,Other,"This role involves transporting medical patients, classified as Other due to its non-corporate, non-technical nature."
Sustainable Supply Chain,Business,"This role involves managing supply chain processes with an emphasis on sustainability, which falls under business operations."
Customs Compliance,Business,"This role ensures compliance with customs regulations, which is integral to international business operations."
Energy Transmission,Technical,"This role relates to the technical aspects of transmitting energy, which requires knowledge of engineering principles."
Funeral Director,Other,"Funeral Directors manage funeral services and associated practices, categorizing it as Other because it doesn't fit traditional business or technical roles."
Geospatial Developer,Technical,"This role involves developing software and systems for geospatial data, aligning it with engineering and technology."
Patent Chemist,Technical,"As a specialized chemist dealing with patents, this role requires technical knowledge in chemistry."
Geospatial Analyst,Technical,"This role analyzes geospatial data and systems, necessitating technical expertise in data analysis and geographic information systems."
Renewable Energy Technician,Technical,"This role includes technical work on renewable energy projects, requiring engineering and technical knowledge."
Food Safety Inspector,Other,"Inspecting food safety does not fall into business, technical, or academic categories, placing this role under Other."
Clinical Supply Chain,Business,"This role involves managing the supply chain in a clinical setting, which fits it within the realm of business operations."
HR Data Analyst,Business,"This role centers on analyzing data related to human resources, firmly placing it in the business domain."
Document Controller,Business,"Document controllers manage and maintain records within organizations, categorizing the role under business administration."
Military Recruiter,Business,"Military recruiters are involved in recruiting efforts, which fits within business practices focused on human resources."
Security Clearance Analyst,Other,"This role involves analyzing security clearance information, which does not fit neatly into the other categories and is thus categorized as Other."
Waste Management,Other,"Professionals in waste management deal with waste processing, which does not classify as business, technical, academic, creative, or entrepreneurial."
Parts and Aftersales,Business,"This role involves managing parts and after-sales services, placing it firmly in the business category."
LIMS Analyst,Technical,"LIMS Analysts work with laboratory information management systems, which require technical knowledge and skills."
Document Coordinator,Business,"Document coordinators manage organizational documents and administrative tasks, categorizing the role under business administration."
RPA Developer,Technical,"RPA Developers focus on Robotic Process Automation technologies, which involve developing software solutions, making this a Technical role."
Cybersecurity Trainer,Technical,"Cybersecurity Trainers educate individuals or teams about security practices and technologies, which involves technical expertise in the field of cybersecurity."
Acquisition Analyst,Business,"Acquisition Analysts evaluate and recommend potential acquisition targets and strategies, which fall under the business domain of finance and strategy."
Document Processing Technician,Technical,"Document Processing Technicians utilize technologies to manage and process documentation, involving significant technical skills."
Medical Logistics,Other,"Medical Logistics roles are focused on the organization and distribution of medical supplies, which does not fit into the other categories."
Supplier Diversity,Business,"Roles in Supplier Diversity aim to promote diverse suppliers in procurement processes, which is a business-oriented function."
Labeling Coordinator,Other,"Labeling Coordinators handle labeling requirements and communications, which is not adequately classified under the defined categories."
Dispensary Consultant,Other,"Dispensary Consultants work in settings regulated often healthcare-related, and do not fit into solid business, academic, or technical roles."
Regulatory Scientist,Technical,"Regulatory Scientists work within the technical domain, focusing on ensuring compliance with scientific and technical regulations in their field."
Traffic Control,Other,"Traffic Control roles involve directing vehicle and pedestrian traffic, a function that does not fit into the other specified categories."
Subcontract Manager,Business,"Subcontract Managers oversee subcontracting agreements and processes, positioning them firmly within business management."
Incident Response,Technical,"Incident Response professionals are responsible for addressing cybersecurity incidents, utilizing technical skills to manage such events."
Training Quality Analyst,Technical,"Training Quality Analysts assess training programs and materials, requiring a technical understanding of training methodologies."
Casino Operations,Other,"Casino Operations roles manage the operational aspects of a casino, which do not fit neatly into the other categorized sectors."
Trust and Safety Officer,Other,Trust and Safety Officers focus on user safety and regulatory compliance within organizations and do not fall under the other categories.
Mainframe Engineer,Technical,"Mainframe Engineers work with mainframe computing systems, a deeply technical role."
Food Service Volunteer,Other,"Food Service Volunteers engage in providing food services, a role that is unrelated to business, technical, or academic categories."
Ophthalmic Technician,Other,"Ophthalmic Technicians are health professionals specialized in eye care, and thus do not fit the defined categories."
Electrical Trainer,Technical,"Electrical Trainers specialize in educating others about electrical systems and concepts, a technical discipline."
Sterile Processing Technician,Other,"Sterile Processing Technicians manage the sterilization of medical equipment, which is outside the realm of the defined categories."
Warranty Analyst,Business,"Warranty Analysts evaluate warranty claims and policies, fitting firmly within the business sector."
Quantity Surveyor,Business,"Quantity Surveyors manage the financial aspects of construction projects, clearly a business-related role."
ServiceNow Consultant,Technical,ServiceNow Consultants utilize technical knowledge of ServiceNow software to implement and optimize IT service management solutions.
Veterinary Receptionist,Other,Veterinary Receptionists provide administrative support in veterinary settings and do not fit into the defined categories.
Global Mobility,Other,"Roles in Global Mobility typically deal with employee relocations and logistics, and do not fall under the defined categories."
BIM Coordinator,Technical,"The BIM Coordinator is involved in Building Information Modeling, which requires technical expertise in architecture and engineering software to manage construction projects."
Bid Manager,Business,"The Bid Manager oversees the preparation and submission of bids for projects, working within the business domain to secure contracts and drive revenue."
Digital Forensic Analyst,Technical,"This role involves analyzing digital evidence to support legal investigations, requiring technical skills in computer science and cybersecurity."
School Bus Operations,Other,"This role involves coordinating and managing bus services for schools, which does not fit into the specified categories of academic, business, creative, entrepreneur, or technical."
Safety Trainer,Other,"The Safety Trainer educates employees on safety protocols and regulations, a role that does not fit clearly into the other defined categories."
IT Asset Manager,Technical,"The IT Asset Manager is responsible for managing a company's IT assets and resources, requiring technical knowledge of information technology systems."
Locksmith,Other,"A locksmith installs and repairs locks and security systems, which is a skilled trade not classified under the other categories."
Waste Management Technician,Other,"This role focuses on the collection and disposal of waste materials, which fits into a practical, non-categorical role."
Fire Protection Engineer,Technical,"Fire Protection Engineers design systems to prevent, control, and extinguish fires, requiring technical expertise in engineering principles."
Fuel Operations Coordinator,Business,"The Fuel Operations Coordinator manages the logistics and operations related to fuel supply, fitting into the business management category."
Bid Coordinator,Business,"The Bid Coordinator assists in the preparation of bids and proposals, which is a business-related function aimed at securing contracts."
Automotive Inspector,Technical,"This role involves inspecting vehicles for safety and compliance, requiring technical knowledge of automotive systems."
Dynamics 365 Analyst,Technical,"The Dynamics 365 Analyst specializes in implementing and managing Microsoft Dynamics 365 solutions, a technical role in information technology."
EDI Analyst,Technical,"An EDI Analyst works with Electronic Data Interchange systems to streamline e-commerce processes, necessitating technical IT skills."
Pension Administrator,Business,"The Pension Administrator manages retirement plans and benefits, a business role that deals with finance and account management."
ServiceNow Developer,Technical,"The ServiceNow Developer designs and builds applications on the ServiceNow platform, which is a technical position in software development."
Procurement Analyst,Business,"The Procurement Analyst analyzes the procurement process and manages purchasing activities, fitting into the business category."
Utility Meter Technician,Technical,"Utility Meter Technicians install and maintain utility meters, requiring technical skills related to engineering and electrical systems."
Recycling Engineer,Technical,"This role involves designing and implementing recycling processes and systems, requiring a technical background in environmental engineering."
Quotation Analyst,Business,"The Quotation Analyst prepares pricing and quotations for clients, a function that falls under business operations."
Sanitation Manager,Other,"The Sanitation Manager oversees sanitation operations and procedures, which does not fit within the specific defined categories."
Apprenticeship Coordinator,Other,"This role involves coordinating apprenticeship programs, which focuses on training and development outside of typical academic or business roles."
Non-Destructive Testing Technician,Technical,"This technician conducts tests that do not destroy materials being tested, which involves technical knowledge in engineering."
Sanitation Worker,Other,"Sanitation Workers are responsible for keeping public spaces clean and safe, a role that does not fit into the other categories."
Offshore Operations,Other,"This role pertains to managing operations conducted offshore, which is a logistical role outside of the academic, business, creative, entrepreneur, and technical categories."
SAP Trainer,Technical,"This role involves training individuals on SAP software systems, which falls under the technical category due to its focus on software application and systems engineering."
