role_k500_v3,count
Marketing Coordinator,525194.0
Software Engineer,449949.0
Business Development,433791.0
Entrepreneur,424159.0
Community Outreach Coordinator,418184.0
Researcher,293615.0
Sales Director,258839.0
Educator,246405.0
Account Executive,225481.0
Strategy Consultant,181366.0
Product Manager,173268.0
Investment Advisor,169082.0
Real Estate Officer,145835.0
Technology Consultant,144620.0
Visual Designer,135018.0
Media Producer,134754.0
Solutions Architect,132358.0
Education Coordinator,126799.0
Sales Account Executive,120989.0
Project Management,118026.0
Content Creator,114640.0
Customer Experience Strategist,110354.0
Development Officer,107964.0
UX Designer,101942.0
Accountant,97778.0
Communications Specialist,94549.0
Content Writer,93805.0
Sports Coach,90265.0
IT Operations,89163.0
Operations Leader,85671.0
Automotive Engineer,84501.0
University Professor,80013.0
Administrative Coordinator,76541.0
Brand Strategist,74491.0
Financial Analyst,69836.0
Printing Technician,63444.0
Event Coordinator,62766.0
Executive Assistant,61278.0
Application Developer,59967.0
Design Engineer,58735.0
Corporate Attorney,57968.0
Real Estate Agent,56190.0
Attorney,53348.0
Nanotechnology Research Scientist,51521.0
Art Educator,51490.0
Social Services Advisor,51047.0
Embedded Systems Engineer,47762.0
Event Entertainer,47074.0
Technical Product Manager,44875.0
Retail Sales Associate,44752.0
Operations Supervisor,42820.0
Food Service Staff,42682.0
Game Artist,41221.0
Mechanical Systems Engineer,40952.0
Social Media Marketing,40529.0
Healthcare Practitioner,40398.0
Mental Health Counselor,39712.0
Research Scientist,38576.0
Recruiter,38393.0
AI Engineer,37849.0
Healthcare Operations,37054.0
HR Director,36180.0
Recruitment Coordinator,35178.0
Performing Artist,33865.0
Finance Executive,33133.0
Chef,32536.0
Systems Integration Engineer,32181.0
Guest Service Agent,31748.0
Property Management,31713.0
Financial Advisor,31476.0
Paralegal,31060.0
SEO Specialist,29819.0
Data Analyst,29723.0
Business Analyst,29578.0
Communications Officer,29188.0
Acquisition Strategist,28708.0
Law Enforcement Officer,28680.0
Law Enforcement Professional,28389.0
Office Assistant,28363.0
Data Scientist,27635.0
Marketing Insights Analyst,27163.0
Customer Support,26318.0
Recreation Coordinator,25823.0
Healthcare Sales Representative,25780.0
General Manager,25512.0
IT Administrator,25346.0
Insurance Sales Agent,24931.0
Admissions Coordinator,24835.0
Registered Nurse,24069.0
Retail Operations,24006.0
Franchise Operations,23664.0
Manufacturing Engineer,23257.0
News Journalist,22940.0
Clinical Research Scientist,22497.0
Systems Analyst,21978.0
Finance Officer,21635.0
Compliance Auditor,21042.0
Project Coordinator,20593.0
Customer Success,19661.0
Finance Clerk,19541.0
Volunteer Coordinator,19305.0
Career Coach,18544.0
Catering Coordinator,17760.0
Art Instructor,17729.0
Loan Officer,17701.0
Data Engineer,17350.0
Community Health Coordinator,17207.0
Project Engineer,17169.0
Religious Leader,16815.0
Industrial Sales Representative,16789.0
Web Accessibility Designer,16221.0
Fashion Merchandiser,16116.0
Travel Sales,16065.0
Law and Social Science Lecturer,16042.0
Science Educator,15657.0
Student Services,15656.0
Transformation Consultant,15605.0
Life Scientist,15497.0
Technical Support,14534.0
Banking Operations,14519.0
Event Photographer,14080.0
Training Coordinator,14047.0
Fashion Designer,13871.0
Financial Trader,13850.0
IT Support Technician,13565.0
Supply Chain Operations,13492.0
Childcare Provider,13232.0
Information Security,12972.0
Sales Consultant,12939.0
Fitness Instructor,12915.0
Sales Operations,12780.0
Cloud DevOps Engineer,12581.0
Rehabilitation Therapist,12494.0
QA Engineer,12281.0
Cybersecurity Analyst,12084.0
Business Intelligence Analyst,12010.0
Manufacturing Process Improvement,11838.0
Cybersecurity Engineer,11811.0
Procurement Agent,11800.0
Wellness Coach,11612.0
Construction Coordinator,11305.0
Fundraising Coordinator,11296.0
Fashion Stylist,11196.0
Medical Liaison,11142.0
Learning Developer,11044.0
Field Technician,10746.0
HR Coordinator,10585.0
Demand Planner,10421.0
Environmental Coordinator,10208.0
Production Supervisor,10146.0
Logistics Coordinator,9701.0
Accounting Clerk,9539.0
Medical Assistant,9475.0
Instructional Designer,9469.0
Court Clerk,9447.0
Tax Accountant,9389.0
Dental and Holistic Care,9365.0
Nursing Assistant,9239.0
Technical Program,9165.0
Environmental Scientist,8852.0
Pharmacist,8433.0
Branch Operations,8422.0
Purchasing Agent,8414.0
Insurance Claims,8407.0
Academic Administrator,8230.0
Network Administrator,8108.0
Operations Coordinator,7974.0
Financial Auditor,7860.0
Installation Technician,7857.0
Security Officer,7793.0
Technical Instructor,7772.0
Truck Driver,7554.0
Firefighter,7516.0
Health Informatics,7482.0
Retail Associate,7351.0
Treasury Analyst,7312.0
Network Engineer,7175.0
General Laborer,6817.0
Production Operator,6732.0
E-commerce Operations,6663.0
Maintenance Technician,6592.0
Construction Worker,6576.0
Beauty Consultant,6548.0
Lifeguard,6521.0
Quality Control,6521.0
Energy Systems Engineer,6475.0
Behavior Analyst,6336.0
Language Translator,6144.0
Land Surveyor,6104.0
Audio Visual Engineer,6060.0
Clinical Research Coordinator,5987.0
Military Pilot,5918.0
Service Attendant,5853.0
Lab Technician,5665.0
Stage Technician,5516.0
Product Owner,5448.0
Insurance Underwriter,5446.0
Material Handler,5375.0
Healthcare Product Marketing,5350.0
Quality Inspector,5323.0
Membership Coordinator,5269.0
Industrial Infrastructure Operations,5249.0
UX Researcher,5196.0
Technical Writer,5078.0
Housing Coordinator,5023.0
Laboratory Technician,5003.0
Aerospace Analyst,4929.0
Policy Evaluator,4928.0
Data Management,4789.0
Electronics and Optics Engineer,4732.0
Financial Systems,4642.0
Library Assistant,4547.0
Operations Support,4533.0
Merchandise Planner,4531.0
Machinist,4470.0
Renewable Energy Consultant,4436.0
Technical Trainer,4389.0
Travel Coordinator,4330.0
Dietitian,4251.0
Grant Administrator,4175.0
Residential Property Management,4169.0
Geologist,4159.0
Production Coordinator,4113.0
Sustainability and Energy,4098.0
Audio Visual Technician,4096.0
Customer Service Operations,4072.0
Safety Coordinator,3876.0
Logistics Sales,3862.0
Energy Project Coordinator,3786.0
Renewable Energy Analyst,3778.0
Claims Adjuster,3773.0
Vehicle Sales Consultant,3770.0
Healthcare Coordinator,3727.0
Customer Service Supervisor,3721.0
Medical Sales Representative,3704.0
Other,3681.0
Sustainability Analyst,3629.0
Scrum Master,3598.0
Sustainability Specialist,3519.0
Benefits Coordinator,3508.0
SAP Consultant,3497.0
Automotive Sales,3445.0
Chemical Scientist,3371.0
Structural Engineer,3331.0
Quality Assurance Tester,3239.0
Diversity and Inclusion,3216.0
Order Operations,3210.0
Intelligence Analyst,3197.0
Cloud Consultant,3187.0
Leasing Coordinator,3038.0
Estate and Trust Advisor,2971.0
Delivery Driver,2944.0
Airport Operations Crew,2891.0
Security Instructor,2861.0
Contract Administrator,2847.0
Healthcare Consultant,2817.0
Safety Engineer,2812.0
Cash Clerk,2789.0
Production Planner,2767.0
IT Support Operations,2738.0
Process Analyst,2650.0
Equipment Operator,2632.0
Science Project Manager,2631.0
Retail Merchandiser,2630.0
Flight Crew,2625.0
Supply Chain Planner,2619.0
Fraud Investigator,2604.0
HR Systems Analyst,2578.0
Fintech Software Developer,2561.0
Project Planner,2516.0
Healthcare Marketer,2484.0
Change Management,2405.0
Validation Engineer,2401.0
Database Administrator,2394.0
Janitor,2384.0
Healthcare Chaplain,2369.0
Medical Imaging Technologist,2337.0
Agricultural Worker,2320.0
Payment Systems,2313.0
Bioinformatics Analyst,2286.0
Resource Scheduler,2267.0
Data Center Operations,2217.0
Credit Analyst,2204.0
Property Appraiser,2201.0
Trade Logistics Coordinator,2148.0
Health Information Officer,2142.0
Veterinarian,2125.0
Logistics Officer,2121.0
Sustainable Finance Analyst,2119.0
Maritime Operations,2100.0
Facilities Coordinator,2096.0
Dental Assistant,2069.0
Healthcare Technician,2045.0
Farm Operations,1995.0
Commodity Trader,1993.0
Aviation and Marine Mechanic,1980.0
Automotive Service Advisor,1968.0
Transportation Engineer,1908.0
Vehicle Mechanic,1895.0
Landscape Gardener,1880.0
Transportation Planner,1873.0
Game Developer,1867.0
Asset Management,1841.0
Animal Care,1820.0
Landscape Technician,1760.0
Healthcare Project Manager,1753.0
Valuation Analyst,1745.0
Maintenance Supervisor,1736.0
Financial Product,1732.0
Water Engineer,1713.0
Agricultural Scientist,1688.0
Banking Analyst,1655.0
Medical Writer,1620.0
Construction Estimator,1600.0
Data Clerk,1590.0
Flight Operations,1551.0
Home Design Consultant,1550.0
Quantitative Risk Analyst,1523.0
Records Clerk,1502.0
HR Finance Coordinator,1490.0
Community Volunteer,1471.0
Medical Scribe,1467.0
Supply Chain Analyst,1427.0
HR Operations,1399.0
Asset Protection,1360.0
Pricing Analyst,1357.0
Wildlife Conservation Officer,1341.0
Gaming Attendant,1323.0
Aviation Instructor,1307.0
Casino Staff,1294.0
Veterinary Technician,1287.0
Drilling Technician,1284.0
Custodial Cleaner,1283.0
Healthcare Product Manager,1247.0
Aviation Engineer,1228.0
Payroll Coordinator,1224.0
Healthcare Quality Assurance,1224.0
Compensation Specialist,1184.0
Security Product Manager,1164.0
Financial Aid Advisor,1159.0
Total Rewards Specialist,1151.0
Labor Relations,1150.0
Pricing Strategist,1143.0
Construction Inspector,1078.0
Revenue Specialist,1064.0
Actuary,1057.0
Collections Agent,1046.0
Land Acquisition Agent,1045.0
Learning Systems Administrator,1027.0
Energy Engineer,993.0
Utilities Coordinator,991.0
Archaeologist,986.0
Healthcare Recruiter,971.0
Agriculture Sales,970.0
Healthcare Systems Analyst,970.0
Automation Engineer,958.0
Transport Driver,957.0
Food Technologist,945.0
Healthcare Data Analyst,918.0
Regulatory Affairs,916.0
Clinical Data Analyst,914.0
Release Operations,900.0
Healthcare Volunteer,878.0
Communication and Delivery,864.0
Records Manager,846.0
Aviation Meteorologist,844.0
Quality Control Analyst,843.0
Revenue Strategist,812.0
Workforce Analyst,801.0
Telecom Advisor,798.0
Digital Archivist,793.0
Automotive Operations,790.0
Parts Coordinator,774.0
Proposal Coordinator,772.0
Healthcare Finance Analyst,756.0
Inspector,743.0
Clinical Dietitian,731.0
Provider Relations,715.0
Medical Coder,707.0
Loan Signing Agent,694.0
Financial Recruiter,683.0
Data Governance Analyst,682.0
Banking Product Development,681.0
Transportation Coordinator,681.0
Optometrist,658.0
Ophthalmic and Hearing Nurse,657.0
Automation Specialist,656.0
Medical Billing,641.0
Human Factors Engineer,634.0
Nuclear Operations Technician,626.0
Proposal Writer,626.0
Immigration Advisor,625.0
Supplier Quality Assurance,620.0
Veterans Support Coordinator,579.0
Print Operations,577.0
Manufacturing Finance Analyst,565.0
Data Privacy,541.0
Oil and Gas Analyst,534.0
Performance Engineer,532.0
HCM Systems Analyst,530.0
Knowledge Analyst,519.0
Customer Service Trainer,514.0
Energy and Mining Operations,513.0
Salesforce Developer,512.0
Occupational Health Nurse,506.0
Localization Project Manager,483.0
Business Continuity Analyst,478.0
Security Project Manager,473.0
Configuration Analyst,462.0
Onboarding Coordinator,455.0
Delivery Operations Coordinator,444.0
Mail Processor,444.0
Medical Project Manager,437.0
GIS Analyst,414.0
Fleet Coordinator,412.0
Plumbing Technician,408.0
Localization Specialist,398.0
Vehicle Cleaner,378.0
Safety and Security Officer,376.0
Licensing Officer,376.0
Network Planner,375.0
Phlebotomy Technician,365.0
AI Project Coordinator,352.0
Logistics Scheduler,349.0
Environmental Technician,348.0
Facilities Technician,343.0
Relocation Consultant,336.0
Data Center Technician,326.0
Fire and Security Technician,311.0
Materials Engineer,307.0
Pest Control,305.0
Medical Transporter,284.0
Sustainable Supply Chain,284.0
Customs Compliance,283.0
Energy Transmission,281.0
Funeral Director,280.0
Geospatial Developer,266.0
Patent Chemist,260.0
Geospatial Analyst,258.0
Renewable Energy Technician,251.0
Food Safety Inspector,241.0
Clinical Supply Chain,239.0
HR Data Analyst,239.0
Document Controller,237.0
Military Recruiter,219.0
Security Clearance Analyst,216.0
Waste Management,205.0
Parts and Aftersales,204.0
LIMS Analyst,204.0
Document Coordinator,192.0
RPA Developer,184.0
Cybersecurity Trainer,180.0
Acquisition Analyst,176.0
Document Processing Technician,171.0
Medical Logistics,167.0
Supplier Diversity,159.0
Labeling Coordinator,158.0
Dispensary Consultant,155.0
Regulatory Scientist,155.0
Traffic Control,154.0
Subcontract Manager,150.0
Incident Response,149.0
Training Quality Analyst,144.0
Casino Operations,143.0
Trust and Safety Officer,143.0
Mainframe Engineer,143.0
Food Service Volunteer,138.0
Ophthalmic Technician,137.0
Electrical Trainer,133.0
Sterile Processing Technician,116.0
Warranty Analyst,115.0
Quantity Surveyor,108.0
ServiceNow Consultant,107.0
Veterinary Receptionist,104.0
Global Mobility,101.0
BIM Coordinator,100.0
Bid Manager,100.0
Digital Forensic Analyst,98.0
School Bus Operations,97.0
Safety Trainer,94.0
IT Asset Manager,93.0
Locksmith,85.0
Waste Management Technician,82.0
Fire Protection Engineer,81.0
Fuel Operations Coordinator,77.0
Bid Coordinator,73.0
Automotive Inspector,67.0
Dynamics 365 Analyst,67.0
EDI Analyst,66.0
Pension Administrator,64.0
ServiceNow Developer,57.0
Procurement Analyst,56.0
Utility Meter Technician,55.0
Recycling Engineer,54.0
Quotation Analyst,49.0
Sanitation Manager,47.0
Apprenticeship Coordinator,46.0
Non-Destructive Testing Technician,37.0
Sanitation Worker,23.0
Offshore Operations,16.0
SAP Trainer,9.0
